{"cameraMode":{"drawMode":0,"name":"Shaded","section":"Shading Mode"},"sceneLighting":true,"audioPlay":false,"sceneViewState":{"m_AlwaysRefresh":false,"showFog":true,"showSkybox":true,"showFlares":true,"showImageEffects":true,"showParticleSystems":true,"showVisualEffectGraphs":true,"m_FxEnabled":true},"in2DMode":false,"pivot":{"x":523.7833862304688,"y":103.59196472167969,"z":-23.2152099609375},"rotation":{"x":-0.0025755795650184156,"y":0.9969087839126587,"z":-0.06920630484819412,"w":-0.03710130229592323},"size":382.79132080078127,"orthographic":false}